1,2016,ALFA ROMEO,4C,1.8,4,24,34,28
2,2016,Aston Martin Lagonda Ltd,V12 Vantage S,6,12,12,18,14
3,2016,Aston Martin Lagonda Ltd,V8 Vantage,4.7,8,14,21,16
4,2016,Aston Martin Lagonda Ltd,V8 Vantage,4.7,8,13,19,15
5,2016,Aston Martin Lagonda Ltd,V8 Vantage S,4.7,8,14,21,16
6,2016,Aston Martin Lagonda Ltd,V8 Vantage S,4.7,8,13,19,15
7,2016,Aston Martin Lagonda Ltd,Vantage GT,4.7,8,14,21,16
8,2016,Aston Martin Lagonda Ltd,Vantage GT,4.7,8,13,19,15
9,2016,Audi,TT Roadster quattro,2,4,23,30,26
10,2016,BMW,M4 GTS,3,6,16,23,19
11,2016,BMW,Z4 sDrive28i,2,4,22,33,26
12,2016,BMW,Z4 sDrive28i,2,4,22,34,26
13,2016,BMW,Z4 sDrive35i,3,6,17,24,20
14,2016,BMW,Z4 sDrive35is,3,6,17,24,20
15,2016,Chevrolet,CORVETTE,6.2,8,13,23,16
16,2016,Chevrolet,CORVETTE,6.2,8,16,29,20
17,2016,Chevrolet,CORVETTE,6.2,8,15,22,18
18,2016,Chevrolet,CORVETTE,6.2,8,17,29,21
19,2016,Dodge,Viper SRT,8.4,10,12,21,15
20,2016,Ferrari,488 GTB,3.9,8,15,22,18
21,2016,Ferrari,488 GTB,3.9,8,16,22,18
22,2016,Ferrari,F12,6.3,12,11,16,13
23,2016,Ferrari,F12,6.3,12,12,16,13
24,2016,Ferrari,F12 tdf,6.3,12,12,17,13
25,2016,Ferrari,F12 tdf,6.3,12,11,15,12
26,2016,Ferrari,F60 America,6.3,12,12,15,13
27,2016,Ferrari,F60 America,6.3,12,11,15,13
28,2016,Honda,CR-Z,1.5,4,36,39,37
29,2016,Honda,CR-Z,1.5,4,31,38,34
30,2016,Jaguar,F-TYPE Convertible,3,6,19,28,22
31,2016,Jaguar,F-TYPE Convertible Manual,3,6,16,24,19
32,2016,Jaguar,F-TYPE Coupe,3,6,19,28,22
33,2016,Jaguar,F-TYPE Coupe Manual,3,6,16,24,19
34,2016,Jaguar,F-TYPE R AWD Convertible,5,8,15,23,18
35,2016,Jaguar,F-TYPE R AWD Coupe,5,8,15,23,18
36,2016,Jaguar,F-TYPE R Convertible,5,8,16,23,18
37,2016,Jaguar,F-TYPE S AWD Convertible,3,6,18,26,21
38,2016,Jaguar,F-TYPE S AWD Coupe,3,6,18,26,21
39,2016,Jaguar,F-TYPE S Convertible,3,6,19,27,22
40,2016,Jaguar,F-TYPE S Convertible Manual,3,6,15,24,18
41,2016,Jaguar,F-TYPE S Coupe,3,6,19,27,22
42,2016,Jaguar,F-TYPE S Coupe Manual,3,6,15,24,18
43,2016,Lamborghini,Aventador Coupe,6.5,12,11,18,13
44,2016,Lamborghini,Aventador Roadster,6.5,12,10,17,12
45,2016,Lamborghini,Huracan,5.2,10,14,21,17
46,2016,Lamborghini,Huracan Spyder,5.2,10,14,20,16
47,2016,MAZDA,MX-5,2,4,27,36,30
48,2016,MAZDA,MX-5,2,4,27,34,30
49,2016,McLaren,570S Coupe,3.8,8,16,23,19
50,2016,McLaren,650S Coupe,3.8,8,16,22,18
51,2016,McLaren,650S Spider,3.8,8,16,22,18
52,2016,McLaren,675LT Coupe,3.8,8,16,22,18
53,2016,Mercedes-Benz,AMG GT S,4,8,16,22,18
54,2016,Mercedes-Benz,AMG SL 63,5.5,8,16,25,19
55,2016,Mercedes-Benz,AMG SL 65,6,12,14,21,17
56,2016,Mercedes-Benz,AMG SLK 55,5.5,8,19,28,22
57,2016,Mercedes-Benz,SL 400,3,6,20,27,23
58,2016,Mercedes-Benz,SL 550,4.7,8,16,24,19
59,2016,Mercedes-Benz,SLK 300,2,4,25,32,28
60,2016,Mercedes-Benz,SLK 350,3.5,6,21,29,24
61,2016,Mercedes-Benz,Smart fortwo (COUPE),0.9,3,34,39,36
62,2016,Mercedes-Benz,Smart fortwo (COUPE),0.9,3,32,39,35
63,2016,NISSAN,370Z,3.7,6,19,26,21
64,2016,NISSAN,370Z,3.7,6,18,26,21
65,2016,NISSAN,370Z Roadster,3.7,6,18,25,21
66,2016,NISSAN,370Z Roadster,3.7,6,17,24,20
67,2016,Pagani Automobili S.p.A.,Huayra Coupe,6,12,11,17,13
68,2016,Porsche,911 GT3,3.8,6,15,20,17
69,2016,Porsche,911 GT3RS,4,6,14,20,16
70,2016,Porsche,Boxster,2.7,6,22,32,26
71,2016,Porsche,Boxster,2.7,6,20,30,24
72,2016,Porsche,Boxster GTS,3.4,6,22,31,25
73,2016,Porsche,Boxster GTS,3.4,6,19,26,22
74,2016,Porsche,Boxster S,3.4,6,21,30,24
75,2016,Porsche,Boxster S,3.4,6,20,28,23
76,2016,Porsche,Boxster Spyder,3.8,6,18,24,20
77,2016,Porsche,Cayman,2.7,6,22,32,26
78,2016,Porsche,Cayman,2.7,6,20,30,24
79,2016,Porsche,Cayman GT4,3.8,6,18,23,20
80,2016,Porsche,Cayman GTS,3.4,6,22,31,25
81,2016,Porsche,Cayman GTS,3.4,6,19,26,22
82,2016,Porsche,Cayman S,3.4,6,21,30,24
83,2016,Porsche,Cayman S,3.4,6,20,28,23
84,2016,Aston Martin Lagonda Ltd,DB9,5.9,12,13,19,15
85,2016,Aston Martin Lagonda Ltd,Vanquish,6,12,13,21,16
86,2016,Ferrari,California T,3.9,8,16,23,19
87,2016,Ferrari,California T,3.9,8,16,23,18
88,2016,FIAT,500,1.4,4,24,32,27
89,2016,FIAT,500,1.4,4,27,34,30
90,2016,FIAT,500,1.4,4,28,34,30
91,2016,FIAT,500,1.4,4,31,40,34
92,2016,FIAT,500 Abarth,1.4,4,24,32,27
93,2016,FIAT,500 Abarth,1.4,4,28,34,30
94,2016,Mini,Mini Cooper Convertible,1.5,4,27,37,31
95,2016,Mini,Mini Cooper Convertible,1.5,4,27,38,31
96,2016,Mini,Mini Cooper S Convertible,2,4,25,34,29
97,2016,Mini,Mini Cooper S Convertible,2,4,23,33,27
98,2016,Porsche,911 Carrera,3.4,6,20,28,23
99,2016,Porsche,911 Carrera,3.4,6,19,27,22
100,2016,Porsche,911 Carrera 4,3.4,6,20,28,23
101,2016,Porsche,911 Carrera 4,3.4,6,19,27,22
102,2016,Porsche,911 Carrera 4 Cabriolet,3.4,6,20,27,22
103,2016,Porsche,911 Carrera 4 Cabriolet,3.4,6,19,26,22
104,2016,Porsche,911 Carrera 4 GTS,3.8,6,19,26,21
105,2016,Porsche,911 Carrera 4 GTS,3.8,6,18,26,21
106,2016,Porsche,911 Carrera 4 GTS Cabriolet,3.8,6,18,25,21
107,2016,Porsche,911 Carrera 4 GTS Cabriolet,3.8,6,18,25,20
108,2016,Porsche,911 Carrera 4S,3.8,6,19,26,22
109,2016,Porsche,911 Carrera 4S,3.8,6,19,26,21
110,2016,Porsche,911 Carrera 4S Cabriolet,3.8,6,19,26,21
111,2016,Porsche,911 Carrera 4S Cabriolet,3.8,6,18,26,21
112,2016,Porsche,911 Carrera Cabriolet,3.4,6,21,28,23
113,2016,Porsche,911 Carrera Cabriolet,3.4,6,19,27,22
114,2016,Porsche,911 Carrera GTS,3.8,6,19,26,21
115,2016,Porsche,911 Carrera GTS,3.8,6,18,26,21
116,2016,Porsche,911 Carrera GTS Cabriolet,3.8,6,19,26,21
117,2016,Porsche,911 Carrera GTS Cabriolet,3.8,6,18,25,20
118,2016,Porsche,911 Carrera S,3.8,6,20,27,23
119,2016,Porsche,911 Carrera S,3.8,6,19,27,22
120,2016,Porsche,911 Carrera S Cabriolet,3.8,6,19,27,22
121,2016,Porsche,911 Carrera S Cabriolet,3.8,6,19,27,22
122,2016,Porsche,911 Targa 4,3.4,6,19,26,22
123,2016,Porsche,911 Targa 4,3.4,6,18,26,21
124,2016,Porsche,911 Targa 4 GTS,3.8,6,18,25,21
125,2016,Porsche,911 Targa 4 GTS,3.8,6,18,26,21
126,2016,Porsche,911 Targa 4S,3.8,6,18,25,21
127,2016,Porsche,911 Targa 4S,3.8,6,18,26,21
128,2016,Porsche,911 Turbo,3.8,6,17,24,20
129,2016,Porsche,911 Turbo Cabriolet,3.8,6,17,24,20
130,2016,Porsche,911 Turbo S,3.8,6,17,24,20
131,2016,Porsche,911 Turbo S Cabriolet,3.8,6,17,24,20
132,2016,SCION,FR-S,2,4,25,34,28
133,2016,SCION,FR-S,2,4,22,30,25
134,2016,Subaru,BRZ,2,4,25,34,28
135,2016,Subaru,BRZ,2,4,22,30,25
136,2016,Aston Martin Lagonda Ltd,Rapide S,6,12,14,22,17
137,2016,Audi,A3,1.8,4,23,33,27
138,2016,Audi,A3 Cabriolet,1.8,4,24,35,28
139,2016,Audi,A3 Cabriolet quattro,2,4,23,32,26
140,2016,Audi,A3 quattro,2,4,24,33,27
141,2016,Audi,A5 Cabriolet quattro,2,4,21,29,24
142,2016,Audi,A5 quattro,2,4,21,30,25
143,2016,Audi,A5 quattro,2,4,22,32,26
144,2016,Audi,S3,2,4,23,31,26
145,2016,Audi,S5,3,6,18,28,21
146,2016,Audi,S5,3,6,17,26,20
147,2016,Audi,S5 Cabriolet,3,6,18,26,21
148,2016,Audi,TT Coupe quattro,2,4,23,30,26
149,2016,Audi,TTS Coupe,2,4,23,27,25
150,2016,Bentley,Continental GT Convertible,4,8,14,24,17
151,2016,Bentley,Continental GT Convertible,6,12,12,20,15
152,2016,BMW,228i,2,4,23,35,27
153,2016,BMW,228i,2,4,22,34,26
154,2016,BMW,228i Convertible,2,4,23,34,27
155,2016,BMW,228i xDrive,2,4,23,35,27
156,2016,BMW,228i xDrive Convertible,2,4,22,34,26
157,2016,BMW,428i Convertible,2,4,23,34,27
158,2016,BMW,428i xDrive Convertible,2,4,21,33,25
159,2016,BMW,435i Convertible,3,6,20,31,24
160,2016,BMW,435i xDrive Convertible,3,6,20,29,23
161,2016,BMW,640i Convertible,3,6,20,31,24
162,2016,BMW,640i Coupe,3,6,20,31,24
163,2016,BMW,640i xDrive Convertible,3,6,20,29,23
164,2016,BMW,640i xDrive Coupe,3,6,20,29,23
165,2016,BMW,650i Convertible,4.4,8,17,25,20
166,2016,BMW,650i Coupe,4.4,8,17,25,20
167,2016,BMW,650i xDrive Convertible,4.4,8,15,24,18
168,2016,BMW,650i xDrive Coupe,4.4,8,16,25,19
169,2016,BMW,M2,3,6,20,27,23
170,2016,BMW,M2,3,6,18,26,21
171,2016,BMW,M235i,3,6,20,31,24
172,2016,BMW,M235i,3,6,19,28,22
173,2016,BMW,M235i Convertible,3,6,20,31,24
174,2016,BMW,M235i Convertible,3,6,19,26,22
175,2016,BMW,M235i xDrive,3,6,20,30,23
176,2016,BMW,M235i xDrive Convertible,3,6,20,30,23
177,2016,BMW,M4 Convertible,3,6,17,24,19
178,2016,BMW,M4 Convertible,3,6,17,26,20
179,2016,BMW,M6 Convertible,4.4,8,14,20,16
180,2016,BMW,M6 Convertible,4.4,8,15,22,17
181,2016,BMW,M6 Coupe,4.4,8,14,20,16
182,2016,BMW,M6 Coupe,4.4,8,15,22,17
183,2016,Buick,CASCADA,1.6,4,20,27,23
184,2016,Chevrolet,SPARK,1.4,4,31,41,35
185,2016,Chevrolet,SPARK,1.4,4,30,41,34
186,2016,Ford,Fiesta FWD,1.6,4,27,37,31
187,2016,Ford,Fiesta FWD,1.6,4,28,36,31
188,2016,Ford,Fiesta SFE FWD,1,3,31,43,36
189,2016,Ford,MUSTANG,2.3,4,21,32,25
190,2016,Ford,MUSTANG,2.3,4,22,31,25
191,2016,Ford,MUSTANG,3.7,6,19,28,22
192,2016,Ford,MUSTANG,3.7,6,17,28,21
193,2016,Ford,MUSTANG,5,8,16,25,19
194,2016,Ford,MUSTANG,5,8,15,25,19
195,2016,Ford,MUSTANG CONVERTIBLE,2.3,4,20,29,24
196,2016,Ford,MUSTANG CONVERTIBLE,5,8,15,24,18
197,2016,Ford,SHELBY GT350 MUSTANG,5.2,8,14,21,16
198,2016,HYUNDAI MOTOR COMPANY,Genesis Coupe,3.8,6,16,25,19
199,2016,HYUNDAI MOTOR COMPANY,Genesis Coupe,3.8,6,17,24,19
200,2016,LEXUS,RC 200t,2,4,22,32,26
201,2016,LEXUS,RC 300 AWD,3.5,6,19,26,21
202,2016,LEXUS,RC 350,3.5,6,19,28,22
203,2016,LEXUS,RC 350 AWD,3.5,6,19,26,21
204,2016,LEXUS,RC F,5,8,16,25,19
205,2016,MASERATI,GRANTURISMO,4.7,8,13,21,16
206,2016,MASERATI,GRANTURISMO CONVERTIBLE,4.7,8,13,20,15
207,2016,Mercedes-Benz,E 400 (convertible),3,6,20,29,24
208,2016,Mercedes-Benz,E 400 (coupe),3,6,20,29,24
209,2016,Mercedes-Benz,E 400 4MATIC (coupe),3,6,20,28,23
210,2016,Mercedes-Benz,E 550 (convertible),4.7,8,17,26,20
211,2016,Mercedes-Benz,E 550 (coupe),4.7,8,18,26,21
212,2016,Mini,MINI COOPER HARDTOP 2 DOOR,1.5,4,27,37,31
213,2016,Mini,MINI COOPER HARDTOP 2 DOOR,1.5,4,28,39,32
214,2016,Mini,MINI COOPER HARDTOP 4 DOOR,1.5,4,27,37,31
215,2016,Mini,MINI COOPER HARDTOP 4 DOOR,1.5,4,29,39,33
216,2016,Mini,Mini Cooper S Hardtop 2 door,2,4,26,33,29
217,2016,Mini,Mini Cooper S Hardtop 2 door,2,4,23,33,27
218,2016,Mini,Mini Cooper S Hardtop 4 door,2,4,26,33,29
219,2016,Mini,Mini Cooper S Hardtop 4 door,2,4,23,33,27
220,2016,Mini,MINI John Cooper Works Hardtop,2,4,25,31,28
221,2016,Mini,MINI John Cooper Works Hardtop,2,4,23,31,26
222,2016,NISSAN,GT-R,3.8,6,16,22,19
223,2016,Roush,Roush Stage 3 Mustang,5,8,13,23,16
224,2016,Roush,Roush Stage 3 Mustang,5,8,12,23,16
225,2016,SCION,iA,1.5,4,33,42,37
226,2016,SCION,iA,1.5,4,31,41,35
227,2016,Volkswagen,Beetle Convertible,1.8,4,25,34,28
228,2016,Volkswagen,Beetle Convertible,2,4,23,31,26
229,2016,Volkswagen,Beetle Convertible,2,4,23,31,26
230,2016,Volkswagen,Eos,2,4,22,30,25
231,2016,Acura,ILX,2.4,4,25,36,29
232,2016,Acura,TLX 2WD,2.4,4,24,35,28
233,2016,Acura,TLX 2WD,3.5,6,21,34,25
234,2016,Acura,TLX 4WD,3.5,6,21,31,25
235,2016,Audi,A4,2,4,24,31,27
236,2016,Audi,A4 quattro,2,4,21,30,25
237,2016,Audi,A4 quattro,2,4,22,32,26
238,2016,Audi,Q3,2,4,20,29,23
239,2016,Audi,Q3 quattro,2,4,20,28,23
240,2016,Audi,S4,3,6,18,28,21
241,2016,Audi,S4,3,6,17,26,20
242,2016,Bentley,Continental GT,4,8,15,25,19
243,2016,Bentley,Continental GT,6,12,12,21,15
244,2016,BMW,320i,2,4,24,36,28
245,2016,BMW,320i,2,4,23,36,28
246,2016,BMW,320i xDrive,2,4,23,35,27
247,2016,BMW,328d,2,4,32,42,36
248,2016,BMW,328d xDrive,2,4,30,40,34
249,2016,BMW,328i,2,4,23,35,27
250,2016,BMW,328i,2,4,22,34,26
251,2016,BMW,328i xDrive,2,4,22,34,26
252,2016,BMW,340i,3,6,22,33,26
253,2016,BMW,340i,3,6,20,30,23
254,2016,BMW,340i xDrive,3,6,22,33,26
255,2016,BMW,340i xDrive,3,6,20,29,23
256,2016,BMW,428i Coupe,2,4,23,35,27
257,2016,BMW,428i Coupe,2,4,22,34,26
258,2016,BMW,428i Gran Coupe,2,4,23,34,27
259,2016,BMW,428i xDrive Coupe,2,4,22,34,26
260,2016,BMW,428i xDrive Gran Coupe,2,4,22,34,26
261,2016,BMW,435i Coupe,3,6,20,31,24
262,2016,BMW,435i Coupe,3,6,20,30,23
263,2016,BMW,435i Gran Coupe,3,6,20,31,24
264,2016,BMW,435i xDrive Coupe,3,6,20,30,23
265,2016,BMW,435i xDrive Coupe,3,6,19,28,22
266,2016,BMW,435i xDrive Gran Coupe,3,6,20,30,23
267,2016,BMW,640i Gran Coupe,3,6,20,31,24
268,2016,BMW,640i xDrive Gran Coupe,3,6,20,29,23
269,2016,BMW,650i Gran Coupe,4.4,8,17,25,20
270,2016,BMW,650i xDrive Gran Coupe,4.4,8,15,24,18
271,2016,BMW,Alpina B6 Gran Coupe xDrive,4.4,8,15,24,18
272,2016,BMW,M3,3,6,17,24,19
273,2016,BMW,M3,3,6,17,26,20
274,2016,BMW,M4 Coupe,3,6,17,24,19
275,2016,BMW,M4 Coupe,3,6,17,26,20
276,2016,BMW,M6 Gran Coupe,4.4,8,14,20,16
277,2016,BMW,M6 Gran Coupe,4.4,8,15,22,17
278,2016,Buick,VERANO,2,4,21,30,24
279,2016,Buick,VERANO,2,4,20,31,24
280,2016,Buick,VERANO,2.4,4,21,32,25
281,2016,Cadillac,ATS,2,4,22,31,26
282,2016,Cadillac,ATS,2,4,20,29,23
283,2016,Cadillac,ATS,2.5,4,22,32,26
284,2016,Cadillac,ATS,3.6,6,20,30,24
285,2016,Cadillac,ATS AWD,2,4,22,30,25
286,2016,Cadillac,ATS AWD,3.6,6,19,28,22
287,2016,Cadillac,ATS-V,3.6,6,16,24,19
288,2016,Cadillac,ATS-V,3.6,6,17,23,19
289,2016,Chevrolet,CAMARO,2,4,22,31,25
290,2016,Chevrolet,CAMARO,2,4,21,30,24
291,2016,Chevrolet,CAMARO,3.6,6,19,28,23
292,2016,Chevrolet,CAMARO,3.6,6,18,27,21
293,2016,Chevrolet,CAMARO,6.2,8,17,28,20
294,2016,Chevrolet,CAMARO,6.2,8,16,25,19
295,2016,Chevrolet,CRUZE,1.4,4,30,42,35
296,2016,Chevrolet,CRUZE,1.4,4,29,41,33
297,2016,Chevrolet,CRUZE PREMIER,1.4,4,30,40,34
298,2016,Chevrolet,SONIC,1.4,4,27,37,31
299,2016,Chevrolet,SONIC,1.4,4,29,40,33
300,2016,Chevrolet,SONIC,1.8,4,24,35,28
301,2016,Chevrolet,SONIC,1.8,4,26,35,30
302,2016,Chevrolet,SONIC RS,1.4,4,25,33,28
303,2016,Chevrolet,SONIC RS,1.4,4,27,34,30
304,2016,Ford,Fiesta ST FWD,1.6,4,26,33,29
305,2016,Ford,FOCUS FWD,1,3,28,40,32
306,2016,Ford,FOCUS FWD,1,3,30,42,35
307,2016,Ford,FOCUS FWD,2,4,27,40,31
308,2016,Ford,FOCUS FWD,2,4,26,38,30
309,2016,Ford,FOCUS FWD,2,4,26,36,30
310,2016,Ford,Focus FWD FFV,2,4,27,40,31
311,2016,Ford,Focus FWD FFV,2,4,26,38,30
312,2016,Ford,Focus FWD FFV,2,4,26,36,30
313,2016,Honda,CIVIC 2Dr,1.5,4,31,41,35
314,2016,Honda,CIVIC 2Dr,2,4,30,41,34
315,2016,Honda,CIVIC 2Dr,2,4,26,38,31
316,2016,HYUNDAI MOTOR COMPANY,Accent,1.6,4,26,37,30
317,2016,HYUNDAI MOTOR COMPANY,Accent,1.6,4,27,38,31
318,2016,HYUNDAI MOTOR COMPANY,Veloster,1.6,4,27,33,29
319,2016,HYUNDAI MOTOR COMPANY,Veloster,1.6,4,28,36,31
320,2016,HYUNDAI MOTOR COMPANY,Veloster,1.6,4,25,33,28
321,2016,HYUNDAI MOTOR COMPANY,Veloster,1.6,4,27,35,30
322,2016,INFINITI,Q50 HYBRID,3.5,6,28,34,30
323,2016,INFINITI,Q50 HYBRID AWD,3.5,6,27,31,28
324,2016,KIA MOTORS CORPORATION,Forte Koup,1.6,4,22,30,25
325,2016,KIA MOTORS CORPORATION,Forte Koup,1.6,4,22,29,25
326,2016,KIA MOTORS CORPORATION,Forte Koup,2,4,25,34,28
327,2016,KIA MOTORS CORPORATION,Forte Koup,2,4,24,33,27
328,2016,KIA MOTORS CORPORATION,Rio,1.6,4,27,37,31
329,2016,KIA MOTORS CORPORATION,Rio,1.6,4,27,38,31
330,2016,KIA MOTORS CORPORATION,Rio ECO,1.6,4,28,37,31
331,2016,LEXUS,CT 200h,1.8,4,43,40,42
332,2016,LEXUS,GS F,5,8,16,24,19
333,2016,LEXUS,IS 200t,2,4,22,33,26
334,2016,LEXUS,IS 300 AWD,3.5,6,19,26,21
335,2016,LEXUS,IS 350,3.5,6,19,28,22
336,2016,LEXUS,IS 350 AWD,3.5,6,19,26,21
337,2016,MAZDA,CX-3 2WD,2,4,29,35,31
338,2016,MAZDA,CX-3 4WD,2,4,27,32,29
339,2016,MAZDA,MAZDA 2,1.5,4,33,43,37
340,2016,MAZDA,MAZDA 2,1.5,4,31,42,35
341,2016,MAZDA,MAZDA3 4-Door,2,4,30,41,34
342,2016,MAZDA,MAZDA3 4-Door,2,4,29,41,33
343,2016,MAZDA,MAZDA3 4-Door,2.5,4,29,40,33
344,2016,MAZDA,MAZDA3 4-Door,2.5,4,28,39,32
345,2016,MAZDA,MAZDA3 4-Door,2.5,4,25,37,29
346,2016,Mercedes-Benz,AMG C 63,4,8,18,25,20
347,2016,Mercedes-Benz,AMG C 63 S,4,8,18,25,20
348,2016,Mercedes-Benz,AMG CLA 45 4MATIC,2,4,23,31,26
349,2016,Mercedes-Benz,AMG CLS 63 S 4MATIC,5.5,8,16,22,18
350,2016,Mercedes-Benz,AMG S 63 4MATIC (coupe),5.5,8,15,23,18
351,2016,Mercedes-Benz,AMG S 65 (coupe),6,12,13,20,15
352,2016,Mercedes-Benz,C 300,2,4,25,34,28
353,2016,Mercedes-Benz,C 300 4MATIC,2,4,24,31,27
354,2016,Mercedes-Benz,C 450 AMG,3,6,21,29,24
355,2016,Mercedes-Benz,CLA 250,2,4,26,38,30
356,2016,Mercedes-Benz,CLA 250 4MATIC,2,4,24,33,27
357,2016,Mercedes-Benz,CLA 250 4MATIC,2,4,24,33,27
358,2016,Mercedes-Benz,CLS 400,3,6,20,30,24
359,2016,Mercedes-Benz,CLS 400 4MATIC,3,6,19,26,22
360,2016,Mercedes-Benz,CLS 550,4.7,8,17,26,21
361,2016,Mercedes-Benz,CLS 550 4MATIC,4.7,8,17,25,20
362,2016,Mercedes-Benz,S 550 4MATIC (coupe),4.7,8,16,24,19
363,2016,Mini,Mini Cooper Countryman,1.6,4,25,30,27
364,2016,Mini,Mini Cooper Countryman,1.6,4,27,32,29
365,2016,Mini,Mini Cooper Paceman,1.6,4,25,30,27
366,2016,Mini,Mini Cooper Paceman,1.6,4,27,32,29
367,2016,Mini,Mini Cooper S Countryman,1.6,4,25,32,28
368,2016,Mini,Mini Cooper S Countryman,1.6,4,26,32,29
369,2016,Mini,Mini Cooper S Countryman All4,1.6,4,23,30,26
370,2016,Mini,Mini Cooper S Countryman All4,1.6,4,25,31,27
371,2016,Mini,Mini Cooper S Paceman,1.6,4,25,32,28
372,2016,Mini,Mini Cooper S Paceman,1.6,4,26,32,29
373,2016,Mini,Mini Cooper S Paceman ALL4,1.6,4,23,30,26
374,2016,Mini,Mini Cooper S Paceman ALL4,1.6,4,25,31,27
375,2016,Mini,Mini JCW Countryman ALL4,1.6,4,23,30,26
376,2016,Mini,Mini JCW Countryman ALL4,1.6,4,25,31,27
377,2016,Mini,Mini JCW Paceman ALL4,1.6,4,23,30,26
378,2016,Mini,Mini JCW Paceman ALL4,1.6,4,25,31,27
379,2016,Mitsubishi Motors Corporation,LANCER,2,4,27,35,30
380,2016,Mitsubishi Motors Corporation,LANCER,2,4,24,34,28
381,2016,Mitsubishi Motors Corporation,LANCER,2.4,4,24,31,27
382,2016,Mitsubishi Motors Corporation,LANCER,2.4,4,22,31,25
383,2016,Mitsubishi Motors Corporation,LANCER 4WD,2.4,4,23,31,26
384,2016,NISSAN,VERSA,1.6,4,26,35,30
385,2016,NISSAN,VERSA,1.6,4,31,40,35
386,2016,NISSAN,VERSA,1.6,4,27,36,30
387,2016,Rolls-Royce Motor Cars Limited,Dawn,6.6,12,12,19,14
388,2016,Rolls-Royce Motor Cars Limited,Phantom Coupe,6.7,12,11,19,14
389,2016,Rolls-Royce Motor Cars Limited,Phantom Drophead Coupe,6.7,12,11,19,14
390,2016,SCION,tC,2.5,4,23,31,26
391,2016,SCION,tC,2.5,4,23,31,26
392,2016,Subaru,IMPREZA,2,4,28,37,31
393,2016,Subaru,IMPREZA,2,4,25,34,28
394,2016,Subaru,WRX,2,4,18,24,21
395,2016,Subaru,WRX,2,4,20,27,23
396,2016,Subaru,WRX,2.5,4,17,23,19
397,2016,TOYOTA,PRIUS c,1.5,4,53,46,50
398,2016,TOYOTA,YARIS,1.5,4,30,36,32
399,2016,TOYOTA,YARIS,1.5,4,30,37,33
400,2016,Volkswagen,Beetle,1.8,4,25,34,28
401,2016,Volkswagen,Beetle,1.8,4,25,34,28
402,2016,Volkswagen,Beetle,2,4,24,31,27
403,2016,Volkswagen,Beetle,2,4,23,31,26
404,2016,Volkswagen,Beetle Dune,1.8,4,24,31,27
405,2016,Volkswagen,CC,2,4,22,31,25
406,2016,Volkswagen,CC,2,4,21,32,25
407,2016,Volkswagen,CC 4Motion,3.6,6,17,25,20
408,2016,Volkswagen,Golf,1.8,4,25,36,29
409,2016,Volkswagen,Golf,1.8,4,25,37,30
410,2016,Volkswagen,Golf R,2,4,23,30,25
411,2016,Volkswagen,Golf R,2,4,22,31,25
412,2016,Volkswagen,GTI,2,4,25,33,28
413,2016,Volkswagen,GTI,2,4,25,34,28
414,2016,Volkswagen,Jetta,1.4,4,28,39,32
415,2016,Volkswagen,Jetta,1.4,4,28,40,33
416,2016,Volkswagen,Jetta,1.8,4,25,36,29
417,2016,Volkswagen,Jetta,1.8,4,25,37,29
418,2016,Volkswagen,Jetta,2,4,24,33,27
419,2016,Volkswagen,Jetta,2,4,23,33,27
420,2016,Volkswagen,Jetta Hybrid,1.4,4,42,48,44
421,2016,Volvo,S60 AWD,2,4,22,31,25
422,2016,Volvo,S60 AWD,2.5,5,20,29,23
423,2016,Volvo,S60 AWD,3,6,18,27,21
424,2016,Volvo,S60 CC AWD,2.5,5,20,28,23
425,2016,Volvo,S60 FWD,2,4,26,38,30
426,2016,Volvo,S60 FWD,2,4,23,33,27
427,2016,Volvo,S60 Inscription AWD,2.5,5,20,29,23
428,2016,Volvo,S60 Inscription FWD,2,4,25,37,29
429,2016,Volvo,S60 Polestar AWD,3,6,18,27,21
430,2016,Acura,RLX,3.5,6,28,32,30
431,2016,Acura,RLX,3.5,6,20,31,24
432,2016,Audi,A6,2,4,24,35,28
433,2016,Audi,A6 quattro,2,4,22,32,26
434,2016,Audi,A6 quattro,3,6,25,38,30
435,2016,Audi,A6 quattro,3,6,20,30,24
436,2016,Audi,A7 quattro,3,6,25,38,30
437,2016,Audi,A7 quattro,3,6,20,30,24
438,2016,Audi,RS7,4,8,15,25,18
439,2016,Audi,S6,4,8,18,27,21
440,2016,Audi,S7,4,8,17,27,21
441,2016,Audi,S8,4,8,15,25,19
442,2016,Bentley,Flying Spur,4,8,14,24,17
443,2016,Bentley,Flying Spur,6,12,12,20,15
444,2016,Bentley,Mulsanne,6.8,8,11,18,13
445,2016,BMW,528i,2,4,23,34,27
446,2016,BMW,528i xDrive,2,4,22,34,26
447,2016,BMW,535d,3,6,26,38,30
448,2016,BMW,535d xDrive,3,6,26,37,30
449,2016,BMW,535i,3,6,20,31,24
450,2016,BMW,535i xDrive,3,6,20,29,23
451,2016,BMW,550i,4.4,8,17,25,20
452,2016,BMW,550i xDrive,4.4,8,16,25,19
453,2016,BMW,ActiveHybrid 5,3,6,23,30,26
454,2016,BMW,M5,4.4,8,14,20,16
455,2016,BMW,M5,4.4,8,15,22,17
456,2016,Buick,LACROSSE,2.4,4,25,36,29
457,2016,Buick,LACROSSE,3.6,6,18,28,22
458,2016,Buick,LACROSSE,3.6,6,18,28,21
459,2016,Buick,LACROSSE AWD,3.6,6,17,26,20
460,2016,Buick,REGAL,2,4,21,30,24
461,2016,Buick,REGAL,2,4,20,31,24
462,2016,Buick,REGAL,2.4,4,25,36,29
463,2016,Buick,REGAL,2.4,4,19,31,23
464,2016,Buick,REGAL AWD,2,4,19,27,22
465,2016,Cadillac,CTS SEDAN,2,4,21,31,25
466,2016,Cadillac,CTS SEDAN,3.6,6,20,30,24
467,2016,Cadillac,CTS SEDAN,3.6,6,16,24,19
468,2016,Cadillac,CTS SEDAN AWD,2,4,21,29,24
469,2016,Cadillac,CTS SEDAN AWD,3.6,6,19,28,22
470,2016,Cadillac,CTS-V,6.2,8,14,21,17
471,2016,Chevrolet,CRUZE LIMITED,1.4,4,26,38,30
472,2016,Chevrolet,CRUZE LIMITED,1.4,4,26,38,30
473,2016,Chevrolet,CRUZE LIMITED,1.8,4,22,35,27
474,2016,Chevrolet,CRUZE LIMITED,1.8,4,25,36,29
475,2016,Chevrolet,CRUZE LIMITED ECO,1.4,4,26,39,31
476,2016,Chevrolet,CRUZE LIMITED ECO,1.4,4,28,42,33
477,2016,Chevrolet,Impala Bi-Fuel (CNG),3.6,6,17,25,20
478,2016,Chevrolet,MALIBU,1.5,4,27,37,31
479,2016,Chevrolet,MALIBU,1.8,4,47,46,46
480,2016,Chevrolet,MALIBU,2,4,22,33,26
481,2016,Chevrolet,MALIBU LIMITED,2.5,4,24,34,27
482,2016,Chevrolet,SONIC 5 RS,1.4,4,25,33,28
483,2016,Chevrolet,SONIC 5 RS,1.4,4,27,34,30
484,2016,Chrysler,200,2.4,4,23,36,28
485,2016,Chrysler,200,2.4,4,23,36,28
486,2016,Chrysler,200,3.6,6,19,32,23
487,2016,Chrysler,200 AWD,3.6,6,18,29,22
488,2016,Dodge,Challenger,3.6,6,19,30,23
489,2016,Dodge,Challenger,5.7,8,16,25,19
490,2016,Dodge,Challenger,5.7,8,15,23,18
491,2016,Dodge,Challenger,6.4,8,15,25,18
492,2016,Dodge,Challenger,6.4,8,14,23,17
493,2016,Dodge,Challenger SRT8,6.2,8,13,22,16
494,2016,Dodge,Challenger SRT8,6.2,8,13,21,16
495,2016,Dodge,Challenger SRT8,6.4,8,15,25,18
496,2016,Dodge,Challenger SRT8,6.4,8,14,23,17
497,2016,Dodge,Dart,1.4,4,27,37,31
498,2016,Dodge,Dart,2,4,24,34,27
499,2016,Dodge,Dart,2,4,25,36,29
500,2016,Dodge,Dart,2.4,4,23,35,27
501,2016,Dodge,Dart,2.4,4,22,35,27
502,2016,Dodge,Dart Aero,1.4,4,28,40,32
503,2016,Dodge,Dart Aero,1.4,4,28,41,32
504,2016,Dodge,Dart GT,2.4,4,22,31,26
505,2016,Dodge,Dart GT,2.4,4,23,33,27
506,2016,Ferrari,FF,6.3,12,11,17,13
507,2016,Ferrari,FF,6.3,12,11,16,13
508,2016,Ford,FOCUS RS AWD,2.3,4,19,25,22
509,2016,Ford,Focus ST FWD,2,4,22,31,25
510,2016,Ford,FUSION AWD,2,4,22,31,25
511,2016,Ford,FUSION FWD,1.5,4,24,36,28
512,2016,Ford,FUSION FWD,1.5,4,25,37,29
513,2016,Ford,FUSION FWD,2,4,22,33,26
514,2016,Ford,FUSION FWD,2.5,4,22,34,26
515,2016,Ford,FUSION HYBRID FWD,2,4,44,41,42
516,2016,Honda,ACCORD,2.4,4,27,37,31
517,2016,Honda,ACCORD,2.4,4,26,35,30
518,2016,Honda,ACCORD,2.4,4,23,34,27
519,2016,Honda,ACCORD,3.5,6,21,34,26
520,2016,Honda,ACCORD,3.5,6,21,32,25
521,2016,Honda,ACCORD,3.5,6,18,28,22
522,2016,Honda,CIVIC 4Dr,1.5,4,31,42,35
523,2016,Honda,CIVIC 4Dr,2,4,31,41,35
524,2016,Honda,CIVIC 4Dr,2,4,27,40,31
525,2016,HYUNDAI MOTOR COMPANY,Elantra,1.8,4,28,38,32
526,2016,HYUNDAI MOTOR COMPANY,Elantra,1.8,4,27,37,31
527,2016,HYUNDAI MOTOR COMPANY,Elantra,2,4,24,35,28
528,2016,HYUNDAI MOTOR COMPANY,Elantra,2,4,24,34,28
529,2016,HYUNDAI MOTOR COMPANY,Elantra GT,2,4,24,33,27
530,2016,HYUNDAI MOTOR COMPANY,Elantra GT,2,4,24,33,27
531,2016,HYUNDAI MOTOR COMPANY,Elantra Limited,1.8,4,27,37,31
532,2016,HYUNDAI MOTOR COMPANY,Sonata HYBRID,2,4,39,43,41
533,2016,HYUNDAI MOTOR COMPANY,Sonata HYBRID SE,2,4,40,44,42
534,2016,INFINITI,Q50,2,4,23,31,26
535,2016,INFINITI,Q50,3,6,19,28,23
536,2016,INFINITI,Q50 AWD,2,4,22,28,24
537,2016,INFINITI,Q50 AWD,3,6,19,27,22
538,2016,INFINITI,Q50S,3,6,19,28,23
539,2016,INFINITI,Q50S AWD,3,6,18,26,21
540,2016,INFINITI,Q50S AWD Red Sport,3,6,19,26,22
541,2016,INFINITI,Q50S Red Sport,3,6,20,26,22
542,2016,INFINITI,Q70,3.7,6,18,26,21
543,2016,INFINITI,Q70,5.6,8,16,24,19
544,2016,INFINITI,Q70 AWD,3.7,6,18,24,20
545,2016,INFINITI,Q70 AWD,5.6,8,16,23,18
546,2016,INFINITI,Q70 HYBRID,3.5,6,29,34,31
547,2016,Jaguar,XF,3,6,20,30,24
548,2016,Jaguar,XF AWD,3,6,20,28,23
549,2016,KIA MOTORS CORPORATION,Forte,1.8,4,26,39,31
550,2016,KIA MOTORS CORPORATION,Forte,1.8,4,25,37,30
551,2016,KIA MOTORS CORPORATION,Forte,2,4,24,35,28
552,2016,KIA MOTORS CORPORATION,Optima HYBRID,2.4,4,36,40,38
553,2016,KIA MOTORS CORPORATION,Optima HYBRID EX,2.4,4,35,39,37
554,2016,LEXUS,ES 300h,2.5,4,40,39,40
555,2016,LEXUS,ES 350,3.5,6,21,31,24
556,2016,LEXUS,GS 200t,2,4,22,33,26
557,2016,LEXUS,GS 200t F SPORT,2,4,21,30,24
558,2016,LEXUS,GS 350,3.5,6,20,29,23
559,2016,LEXUS,GS 350 AWD,3.5,6,19,26,22
560,2016,LEXUS,GS 350 F SPORT,3.5,6,19,28,22
561,2016,LEXUS,GS 450h,3.5,6,29,34,31
562,2016,LEXUS,LS 460,4.6,8,16,24,19
563,2016,LEXUS,LS 460 AWD,4.6,8,16,23,18
564,2016,LEXUS,LS 460 L,4.6,8,16,24,19
565,2016,LEXUS,LS 460 L AWD,4.6,8,16,23,18
566,2016,LEXUS,LS 600h L,5,8,19,23,20
567,2016,Lincoln,MKZ AWD,2,4,22,31,25
568,2016,Lincoln,MKZ AWD,3.7,6,17,24,20
569,2016,Lincoln,MKZ FWD,2,4,22,33,26
570,2016,Lincoln,MKZ FWD,3.7,6,18,27,22
571,2016,Lincoln,MKZ HYBRID FWD,2,4,41,39,40
572,2016,MASERATI,Ghibli  S RWD,3,6,16,24,19
573,2016,MASERATI,Ghibli V6 Rear Wheel Drive (RWD),3,6,17,24,19
574,2016,MASERATI,Ghibli V6 SQ4 AWD,3,6,16,24,19
575,2016,MAZDA,MAZDA 6,2.5,4,28,40,32
576,2016,MAZDA,MAZDA 6,2.5,4,26,38,31
577,2016,MAZDA,MAZDA 6,2.5,4,25,37,29
578,2016,MAZDA,MAZDA3 5-Door,2,4,30,40,33
579,2016,MAZDA,MAZDA3 5-Door,2,4,29,40,33
580,2016,MAZDA,MAZDA3 5-Door,2.5,4,28,39,32
581,2016,MAZDA,MAZDA3 5-Door,2.5,4,27,37,31
582,2016,MAZDA,MAZDA3 5-Door,2.5,4,26,35,29
583,2016,Mercedes-Benz,AMG E 63 4MATIC,5.5,8,16,23,19
584,2016,Mercedes-Benz,AMG E 63 S 4MATIC,5.5,8,15,22,18
585,2016,Mercedes-Benz,E 250 BLUETEC,2.1,4,28,42,33
586,2016,Mercedes-Benz,E 250 BLUETEC 4MATIC,2.1,4,27,38,31
587,2016,Mercedes-Benz,E 350,3.5,6,20,29,23
588,2016,Mercedes-Benz,E 350,3.5,6,20,29,23
589,2016,Mercedes-Benz,E 350 4MATIC,3.5,6,20,28,23
590,2016,Mercedes-Benz,E 350 4MATIC,3.5,6,20,28,23
591,2016,Mercedes-Benz,E 400,3,6,20,29,23
592,2016,Mercedes-Benz,E 400 4MATIC,3,6,20,28,23
593,2016,Mercedes-Benz,E 550 4MATIC,4.7,8,18,24,21
594,2016,Mini,Mini Cooper Clubman,1.5,4,25,34,28
595,2016,Mini,Mini Cooper Clubman,1.5,4,25,35,28
596,2016,Mini,Mini Cooper S Clubman,2,4,24,34,27
597,2016,Mini,Mini Cooper S Clubman,2,4,22,32,26
598,2016,NISSAN,ALTIMA,2.5,4,27,39,31
599,2016,NISSAN,ALTIMA 3.5,3.5,6,22,32,26
600,2016,NISSAN,ALTIMA SR,2.5,4,26,37,30
601,2016,NISSAN,MAXIMA,3.5,6,22,30,25
602,2016,NISSAN,SENTRA,1.8,4,29,38,32
603,2016,NISSAN,SENTRA,1.8,4,27,36,30
604,2016,NISSAN,SENTRA FE+,1.8,4,30,40,34
605,2016,Rolls-Royce Motor Cars Limited,Wraith,6.6,12,13,21,15
606,2016,SCION,iM,1.8,4,28,37,32
607,2016,SCION,iM,1.8,4,27,36,31
608,2016,Subaru,LEGACY,2.5,4,26,36,30
609,2016,Subaru,LEGACY,3.6,6,20,29,23
610,2016,TOYOTA,AVALON,3.5,6,21,31,24
611,2016,TOYOTA,AVALON HYBRID,2.5,4,40,39,40
612,2016,TOYOTA,CAMRY,2.5,4,25,35,28
613,2016,TOYOTA,CAMRY,3.5,6,21,31,25
614,2016,TOYOTA,CAMRY HYBRID LE,2.5,4,43,39,41
615,2016,TOYOTA,CAMRY HYBRID XLE/SE,2.5,4,40,38,40
616,2016,TOYOTA,COROLLA,1.8,4,27,36,31
617,2016,TOYOTA,COROLLA,1.8,4,29,38,32
618,2016,TOYOTA,COROLLA,1.8,4,29,37,32
619,2016,TOYOTA,COROLLA,1.8,4,28,37,31
620,2016,TOYOTA,COROLLA LE ECO,1.8,4,30,42,35
621,2016,TOYOTA,COROLLA LE ECO,1.8,4,30,40,34
622,2016,TOYOTA,PRIUS,1.8,4,54,50,52
623,2016,TOYOTA,PRIUS Eco,1.8,4,58,53,56
624,2016,Volkswagen,Passat,1.8,4,25,38,29
625,2016,Volkswagen,Passat,3.6,6,20,28,23
626,2016,Volvo,S80 FWD,2,4,25,37,29
627,2016,Audi,A8L,3,6,24,36,28
628,2016,Audi,A8L,3,6,19,29,22
629,2016,Audi,A8L,4,8,18,29,22
630,2016,Audi,A8L,6.3,12,14,22,17
631,2016,BMW,328i xDrive Gran Turismo,2,4,22,34,26
632,2016,BMW,335i xDrive Gran Turismo,3,6,20,30,23
633,2016,BMW,535i Gran Turismo,3,6,19,28,22
634,2016,BMW,535i xDrive Gran Turismo,3,6,18,26,21
635,2016,BMW,740i,3,6,21,29,24
636,2016,BMW,750i,4.4,8,17,25,20
637,2016,BMW,750i xDrive,4.4,8,16,25,19
638,2016,BMW,X1 xDrive28i,2,4,22,32,26
639,2016,Cadillac,CT6,2,4,22,31,25
640,2016,Cadillac,CT6 AWD,3,6,18,26,21
641,2016,Cadillac,CT6 AWD,3.6,6,18,27,22
642,2016,Cadillac,XTS,3.6,6,18,28,22
643,2016,Cadillac,XTS AWD,3.6,6,17,26,20
644,2016,Cadillac,XTS AWD,3.6,6,16,23,18
645,2016,Chevrolet,IMPALA,2.5,4,22,31,25
646,2016,Chevrolet,IMPALA,3.6,6,18,28,22
647,2016,Chevrolet,IMPALA,3.6,6,19,29,22
648,2016,Chevrolet,IMPALA LIMITED,3.6,6,18,30,22
649,2016,Chevrolet,SS,6.2,8,14,20,16
650,2016,Chevrolet,SS,6.2,8,14,22,17
651,2016,Chrysler,300,3.6,6,19,31,23
652,2016,Chrysler,300,3.6,6,19,31,23
653,2016,Chrysler,300,5.7,8,16,25,19
654,2016,Chrysler,300 AWD,3.6,6,18,27,21
655,2016,Chrysler,300 AWD,3.6,6,18,27,21
656,2016,Dodge,Charger,3.6,6,19,31,23
657,2016,Dodge,Charger,3.6,6,19,31,23
658,2016,Dodge,Charger,5.7,8,16,25,19
659,2016,Dodge,Charger,6.4,8,15,25,18
660,2016,Dodge,Charger AWD,3.6,6,18,27,21
661,2016,Dodge,Charger AWD,3.6,6,18,27,21
662,2016,Dodge,Charger SRT8,6.2,8,13,22,16
663,2016,Dodge,Charger SRT8,6.4,8,15,25,18
664,2016,Ford,C-MAX Hybrid FWD,2,4,42,37,40
665,2016,Ford,Special Service Police FWD,2,4,19,28,22
666,2016,Ford,TAURUS AWD,3.5,6,17,24,19
667,2016,Ford,TAURUS AWD,3.5,6,16,24,19
668,2016,Ford,TAURUS AWD FFV,3.5,6,17,24,19
669,2016,Ford,TAURUS FWD,2,4,20,29,23
670,2016,Ford,TAURUS FWD,3.5,6,18,27,21
671,2016,Ford,TAURUS FWD FFV,3.5,6,18,27,21
672,2016,HYUNDAI MOTOR COMPANY,Azera,3.3,6,20,29,23
673,2016,HYUNDAI MOTOR COMPANY,Azera Limited,3.3,6,19,28,22
674,2016,HYUNDAI MOTOR COMPANY,Equus,5,8,15,23,18
675,2016,HYUNDAI MOTOR COMPANY,Genesis AWD,3.8,6,16,25,19
676,2016,HYUNDAI MOTOR COMPANY,Genesis RWD,3.8,6,18,29,22
677,2016,HYUNDAI MOTOR COMPANY,Genesis RWD,5,8,15,23,18
678,2016,HYUNDAI MOTOR COMPANY,Sonata,1.6,4,28,38,32
679,2016,HYUNDAI MOTOR COMPANY,Sonata,2,4,23,32,26
680,2016,HYUNDAI MOTOR COMPANY,Sonata,2.4,4,25,38,30
681,2016,HYUNDAI MOTOR COMPANY,Sonata Limited,2,4,21,31,25
682,2016,HYUNDAI MOTOR COMPANY,Sonata SPORT/LIMITED,2.4,4,25,36,29
683,2016,Jaguar,XJ,3,6,18,27,21
684,2016,Jaguar,XJ,5,8,15,23,18
685,2016,Jaguar,XJ AWD,3,6,17,26,20
686,2016,Jaguar,XJL,3,6,18,27,21
687,2016,Jaguar,XJL,5,8,15,23,18
688,2016,Jaguar,XJL AWD,3,6,17,25,20
689,2016,KIA MOTORS CORPORATION,Cadenza,3.3,6,19,28,22
690,2016,KIA MOTORS CORPORATION,Forte 5,1.6,4,21,29,24
691,2016,KIA MOTORS CORPORATION,Forte 5,1.6,4,21,29,24
692,2016,KIA MOTORS CORPORATION,Forte 5,2,4,25,33,28
693,2016,KIA MOTORS CORPORATION,K900,3.8,6,17,26,20
694,2016,KIA MOTORS CORPORATION,K900,5,8,15,23,18
695,2016,KIA MOTORS CORPORATION,Optima,1.6,4,28,39,32
696,2016,KIA MOTORS CORPORATION,Optima,2,4,22,32,25
697,2016,KIA MOTORS CORPORATION,Optima,2.4,4,24,35,28
698,2016,KIA MOTORS CORPORATION,Optima FE,2,4,22,32,26
699,2016,KIA MOTORS CORPORATION,Optima FE,2.4,4,25,37,30
700,2016,Lincoln,MKS AWD,3.5,6,16,24,19
701,2016,Lincoln,MKS AWD,3.7,6,17,24,19
702,2016,Lincoln,MKS FWD,3.7,6,17,26,20
703,2016,MASERATI,QUATTROPORTE GTS,3.8,8,15,22,17
704,2016,MASERATI,QUATTROPORTE S,3,6,16,23,18
705,2016,MASERATI,QUATTROPORTE SQ4 V6,3,6,16,23,18
706,2016,Mercedes-Benz,AMG S 63 4MATIC,5.5,8,15,23,18
707,2016,Mercedes-Benz,AMG S 65,6,12,13,20,15
708,2016,Mercedes-Benz,Maybach S 600,6,12,13,20,15
709,2016,Mercedes-Benz,S 550,4.7,8,17,26,20
710,2016,Mercedes-Benz,S 550 4MATIC,4.7,8,16,26,19
711,2016,Mercedes-Benz,S 600,6,12,14,21,16
712,2016,Porsche,Panamera,3.6,6,18,28,22
713,2016,Porsche,Panamera 4,3.6,6,18,27,21
714,2016,Porsche,Panamera 4S,3,6,17,27,21
715,2016,Porsche,Panamera 4S Executive,3,6,17,26,20
716,2016,Porsche,Panamera GTS,4.8,8,16,24,19
717,2016,Porsche,Panamera S,3,6,17,27,21
718,2016,Porsche,Panamera Turbo,4.8,8,15,24,18
719,2016,Porsche,Panamera Turbo Executive,4.8,8,15,24,18
720,2016,Porsche,Panamera Turbo S,4.8,8,15,24,18
721,2016,Porsche,Panamera Turbo S Executive,4.8,8,15,24,18
722,2016,Rolls-Royce Motor Cars Limited,Ghost,6.6,12,13,21,15
723,2016,Rolls-Royce Motor Cars Limited,Ghost EWB,6.6,12,13,21,15
724,2016,Rolls-Royce Motor Cars Limited,Phantom,6.7,12,11,19,14
725,2016,Rolls-Royce Motor Cars Limited,Phantom EWB,6.7,12,11,19,14
726,2016,Audi,allroad quattro,2,4,21,28,24
727,2016,BMW,328d xDrive Sports Wagon,2,4,30,40,34
728,2016,BMW,328i xDrive Sports Wagon,2,4,22,34,26
729,2016,Chevrolet,SONIC 5,1.4,4,27,37,31
730,2016,Chevrolet,SONIC 5,1.4,4,29,40,33
731,2016,Chevrolet,SONIC 5,1.8,4,24,35,28
732,2016,Chevrolet,SONIC 5,1.8,4,26,35,30
733,2016,FIAT,500L,1.4,4,22,30,25
734,2016,FIAT,500L,1.4,4,25,33,28
735,2016,Honda,FIT,1.5,4,33,41,36
736,2016,Honda,FIT,1.5,4,32,38,35
737,2016,Honda,FIT,1.5,4,29,37,32
738,2016,INFINITI,QX50,3.7,6,17,24,20
739,2016,INFINITI,QX50 AWD,3.7,6,17,24,20
740,2016,KIA MOTORS CORPORATION,Soul,1.6,4,24,30,26
741,2016,KIA MOTORS CORPORATION,Soul,1.6,4,24,30,26
742,2016,KIA MOTORS CORPORATION,Soul,2,4,24,31,27
743,2016,KIA MOTORS CORPORATION,Soul ECO dynamics,2,4,24,31,27
744,2016,NISSAN,JUKE,1.6,4,28,32,30
745,2016,NISSAN,JUKE,1.6,4,28,34,30
746,2016,NISSAN,JUKE AWD,1.6,4,26,31,28
747,2016,NISSAN,JUKE NISMO RS,1.6,4,25,31,27
748,2016,NISSAN,JUKE NISMO RS AWD,1.6,4,25,29,27
749,2016,Subaru,IMPREZA SPORT,2,4,27,36,31
750,2016,Subaru,IMPREZA SPORT,2,4,24,33,28
751,2016,Subaru,IMPREZA WAGON,2,4,28,37,31
752,2016,Subaru,IMPREZA WAGON,2,4,25,34,28
753,2016,Volkswagen,Golf SportWagen,1.8,4,25,35,29
754,2016,Volkswagen,Golf SportWagen,1.8,4,25,36,29
755,2016,Volvo,V60 AWD,2,4,22,31,25
756,2016,Volvo,V60 AWD,2.5,5,20,29,23
757,2016,Volvo,V60 AWD,3,6,18,27,21
758,2016,Volvo,V60 FWD,2,4,25,37,29
759,2016,Volvo,V60 Polestar AWD,3,6,18,27,21
760,2016,Volvo,V60CC AWD,2.5,5,20,28,23
761,2016,Mercedes-Benz,AMG E 63 S 4MATIC (stat. wagon),5.5,8,15,21,18
762,2016,Mercedes-Benz,AMG GLA 45 4MATIC,2,4,22,29,25
763,2016,Mercedes-Benz,E 350 4Matic (Wagon),3.5,6,20,27,22
764,2016,Mercedes-Benz,GLA 250,2,4,25,35,29
765,2016,NISSAN,MURANO AWD,3.5,6,21,28,24
766,2016,NISSAN,MURANO FWD,3.5,6,21,28,24
767,2016,NISSAN,MURANO Hybrid AWD,2.5,4,26,30,28
768,2016,NISSAN,MURANO Hybrid FWD,2.5,4,28,31,29
769,2016,TOYOTA,PRIUS v,1.8,4,44,40,42
770,2016,Chevrolet,COLORADO 2WD,2.5,4,20,27,22
771,2016,Chevrolet,COLORADO 2WD,2.5,4,19,26,22
772,2016,Chevrolet,COLORADO 2WD,2.8,4,22,31,25
773,2016,Chevrolet,COLORADO 2WD,3.6,6,18,26,21
774,2016,GMC,CANYON 2WD,2.5,4,20,27,22
775,2016,GMC,CANYON 2WD,2.5,4,19,26,22
776,2016,GMC,CANYON 2WD,2.8,4,22,31,25
777,2016,GMC,CANYON 2WD,3.6,6,18,26,21
778,2016,NISSAN,FRONTIER 2WD,2.5,4,17,23,19
779,2016,NISSAN,FRONTIER 2WD,2.5,4,19,23,21
780,2016,NISSAN,FRONTIER 2WD,4,6,16,22,18
781,2016,NISSAN,FRONTIER 2WD,4,6,17,22,19
782,2016,TOYOTA,TACOMA 2WD,2.7,4,19,23,21
783,2016,TOYOTA,TACOMA 2WD,3.5,6,19,24,21
784,2016,Chevrolet,COLORADO 4WD,2.5,4,19,25,21
785,2016,Chevrolet,COLORADO 4WD,2.8,4,20,29,23
786,2016,Chevrolet,COLORADO 4WD,3.6,6,17,24,20
787,2016,GMC,CANYON 4WD,2.5,4,19,25,21
788,2016,GMC,CANYON 4WD,2.8,4,20,29,23
789,2016,GMC,CANYON 4WD,3.6,6,17,24,20
790,2016,NISSAN,FRONTIER 4WD,4,6,15,21,17
791,2016,NISSAN,FRONTIER 4WD,4,6,16,21,18
792,2016,TOYOTA,TACOMA 4WD,2.7,4,19,22,20
793,2016,TOYOTA,TACOMA 4WD,2.7,4,19,21,20
794,2016,TOYOTA,TACOMA 4WD,3.5,6,18,23,20
795,2016,TOYOTA,TACOMA 4WD,3.5,6,17,21,19
796,2016,TOYOTA,Tacoma 4WD Double Cab,3.5,6,17,20,18
797,2016,Chevrolet,C15 SILVERADO 2WD,4.3,6,18,24,20
798,2016,Chevrolet,C15 SILVERADO 2WD,5.3,8,16,23,19
799,2016,Chevrolet,C15 SILVERADO 2WD,5.3,8,16,23,19
800,2016,Chevrolet,C15 SILVERADO 2WD,5.3,8,18,24,20
801,2016,Chevrolet,C15 SILVERADO 2WD,5.3,8,16,22,18
802,2016,Chevrolet,C15 SILVERADO 2WD,6.2,8,15,21,17
803,2016,Ford,F150 2.7L 2WD GVWR>6649 LBS PAYLOAD PACKAGE,2.7,6,18,24,21
804,2016,Ford,F150 2WD,2.7,6,19,26,22
805,2016,Ford,F150 2WD,3.5,6,17,24,20
806,2016,Ford,F150 2WD FFV,3.5,6,18,25,20
807,2016,Ford,F150 2WD FFV,5,8,15,22,18
808,2016,Ford,F150 3.5L 2WD GVWR>7599 LBS PAYLOAD PACKAGE,3.5,6,16,22,18
809,2016,Ford,F150 5.0L 2WD FFV GVWR>7599 LBS PAYLOAD PACKAGE,5,8,14,20,16
810,2016,GMC,C15 SIERRA 2WD,4.3,6,18,24,20
811,2016,GMC,C15 SIERRA 2WD,5.3,8,16,23,19
812,2016,GMC,C15 SIERRA 2WD,5.3,8,16,23,19
813,2016,GMC,C15 SIERRA 2WD,5.3,8,18,24,20
814,2016,GMC,C15 SIERRA 2WD,5.3,8,16,22,18
815,2016,GMC,C15 SIERRA 2WD,6.2,8,15,21,17
816,2016,RAM,1500 4X2,3,6,20,28,23
817,2016,RAM,1500 4X2,3.6,6,17,25,20
818,2016,RAM,1500 4X2,5.7,8,14,20,16
819,2016,RAM,1500 4X2,5.7,8,15,22,17
820,2016,RAM,1500 HFE 4X2,3,6,21,29,24
821,2016,RAM,1500 HFE 4X2,3.6,6,18,25,21
822,2016,Roush,F150 Pickup 2WD,5,8,12,15,13
823,2016,TOYOTA,TUNDRA 2WD,4.6,8,15,19,16
824,2016,TOYOTA,TUNDRA 2WD,5.7,8,13,18,15
825,2016,TOYOTA,TUNDRA 2WD FFV,5.7,8,13,18,15
826,2016,Chevrolet,K15 SILVERADO 4WD,4.3,6,17,22,19
827,2016,Chevrolet,K15 SILVERADO 4WD,5.3,8,16,22,18
828,2016,Chevrolet,K15 SILVERADO 4WD,5.3,8,16,22,18
829,2016,Chevrolet,K15 SILVERADO 4WD,5.3,8,16,21,18
830,2016,Chevrolet,K15 SILVERADO 4WD,5.3,8,15,21,17
831,2016,Chevrolet,K15 SILVERADO 4WD,6.2,8,15,21,17
832,2016,Ford,F150 2.7L 4WD GVWR>6799 LBS PAYLOAD PACKAGE,2.7,6,18,22,19
833,2016,Ford,F150 3.5L 4WD GVWR>7599 LBS PAYLOAD PACKAGE,3.5,6,15,20,17
834,2016,Ford,F150 4WD,2.7,6,18,23,20
835,2016,Ford,F150 4WD,3.5,6,16,22,18
836,2016,Ford,F150 4WD FFV,3.5,6,17,23,19
837,2016,Ford,F150 4WD FFV,5,8,15,21,17
838,2016,Ford,F150 5.0L 4WD FFV GVWR>7599 LBS PAYLOAD PACKAGE,5,8,14,19,16
839,2016,GMC,K15 SIERRA 4WD,4.3,6,17,22,19
840,2016,GMC,K15 SIERRA 4WD,5.3,8,16,22,18
841,2016,GMC,K15 SIERRA 4WD,5.3,8,16,22,18
842,2016,GMC,K15 SIERRA 4WD,5.3,8,16,21,18
843,2016,GMC,K15 SIERRA 4WD,5.3,8,15,21,17
844,2016,GMC,K15 SIERRA 4WD,6.2,8,15,21,17
845,2016,RAM,1500 4X4,3,6,19,27,22
846,2016,RAM,1500 4X4,3.6,6,16,23,19
847,2016,RAM,1500 4X4,5.7,8,13,19,15
848,2016,RAM,1500 4X4,5.7,8,15,21,17
849,2016,Roush,F150 Pickup 4WD,5,8,12,15,13
850,2016,TOYOTA,TUNDRA 4WD,4.6,8,14,18,16
851,2016,TOYOTA,TUNDRA 4WD,5.7,8,13,17,15
852,2016,TOYOTA,TUNDRA 4WD FFV,5.7,8,13,17,15
853,2016,Chevrolet,G2500 EXPRESS 2WD PASS MDPV,6,8,11,16,13
854,2016,Chevrolet,G3500 EXPRESS 2WD PASS MDPV,6,8,11,16,12
855,2016,Ford,Transit T150 Wagon,3.5,6,15,19,16
856,2016,Ford,Transit T150 Wagon FFV,3.7,6,14,18,16
857,2016,GMC,G2500 SAVANA 2WD PASS MDPV,6,8,11,16,13
858,2016,GMC,G3500 SAVANA 2WD PASS MDPV,6,8,11,16,12
859,2016,Cadillac,XTS HEARSE,3.6,6,15,21,17
860,2016,Cadillac,XTS LIMO,3.6,6,15,21,17
861,2016,CHEVROLET,City Express Cargo Van,2,4,24,26,25
862,2016,Ford,Transit Connect Van 2WD,1.6,4,22,29,25
863,2016,Ford,Transit Connect Van 2WD,2.5,4,20,28,23
864,2016,Ford,TRANSIT CONNECT VAN FFV,2.5,4,20,28,23
865,2016,Ford,TRANSIT CONNECT WAGON FFV,2.5,4,19,27,22
866,2016,Ford,TRANSIT CONNECT WAGON FWD,1.6,4,22,29,25
867,2016,Ford,TRANSIT CONNECT WAGON FWD,2.5,4,19,27,22
868,2016,Ford,TRANSIT CONNECT WAGON LWB FFV,2.5,4,19,27,22
869,2016,Ford,Transit Connect Wagon LWB FWD,2.5,4,19,27,22
870,2016,Lincoln,MKT LIVERY FWD,2,4,18,25,21
871,2016,Mercedes-Benz,Metris (Cargo Van),2,4,21,24,22
872,2016,Mercedes-Benz,Metris (Passenger Van),2,4,20,23,22
873,2016,NISSAN,NV200 Cargo Van,2,4,24,26,25
874,2016,NISSAN,NV200 NYC Taxi,2,4,23,26,24
875,2016,RAM,Promaster City,2.4,4,21,29,24
876,2016,Lincoln,MKT LIVERY AWD,3.7,6,16,23,18
877,2016,Chevrolet,C15 SILVERADO 2WD CAB CHASSIS,5.3,8,15,20,17
878,2016,Chevrolet,COLORADO CAB CHASSIS 2WD,3.6,6,15,17,16
879,2016,Chevrolet,K15 SILVERADO 4WD CAB CHASSIS,5.3,8,15,19,17
880,2016,GMC,C15 SIERRA 2WD CAB CHASSIS,5.3,8,15,20,17
881,2016,GMC,CANYON CAB CHASSIS 2WD,3.6,6,15,17,16
882,2016,GMC,K15 SIERRA 4WD CAB CHASSIS,5.3,8,15,19,17
883,2016,Chrysler,Town & Country,3.6,6,17,25,20
884,2016,Chrysler,Town & Country,3.6,6,17,25,20
885,2016,Dodge,Grand Caravan,3.6,6,17,25,20
886,2016,Dodge,Grand Caravan,3.6,6,17,25,20
887,2016,Honda,ODYSSEY 2WD,3.5,6,19,28,22
888,2016,KIA MOTORS CORPORATION,Sedona,3.3,6,18,24,20
889,2016,KIA MOTORS CORPORATION,Sedona SX,3.3,6,18,25,21
890,2016,KIA MOTORS CORPORATION,Sedona SXL,3.3,6,17,22,19
891,2016,NISSAN,QUEST,3.5,6,20,27,23
892,2016,TOYOTA,SIENNA,3.5,6,18,25,21
893,2016,TOYOTA,SIENNA AWD,3.5,6,16,23,19
894,2016,Acura,MDX 2WD,3.5,6,19,27,22
895,2016,Acura,MDX 2WD,3.5,6,20,27,23
896,2016,Acura,RDX 2WD,3.5,6,20,29,23
897,2016,BMW,X3 sDrive 28i,2,4,21,28,24
898,2016,Buick,ENCORE,1.4,4,28,34,30
899,2016,Buick,ENCORE,1.4,4,25,33,28
900,2016,Chevrolet,EQUINOX FWD,2.4,4,22,32,26
901,2016,Chevrolet,EQUINOX FWD,2.4,4,22,32,26
902,2016,Chevrolet,EQUINOX FWD,3.6,6,17,24,20
903,2016,Chevrolet,TRAX,1.4,4,26,34,29
904,2016,Dodge,Journey,2.4,4,19,26,21
905,2016,Dodge,Journey,3.6,6,17,25,19
906,2016,FIAT,500X,1.4,4,25,34,28
907,2016,FIAT,500X,2.4,4,22,31,25
908,2016,Ford,EDGE FWD,2,4,20,30,24
909,2016,Ford,EDGE FWD,2,4,21,30,24
910,2016,Ford,EDGE FWD,3.5,6,18,26,21
911,2016,Ford,ESCAPE FWD,1.6,4,23,32,26
912,2016,Ford,ESCAPE FWD,2,4,22,30,25
913,2016,Ford,ESCAPE FWD,2.5,4,22,31,25
914,2016,GMC,TERRAIN FWD,2.4,4,22,32,26
915,2016,GMC,TERRAIN FWD,2.4,4,22,32,26
916,2016,GMC,TERRAIN FWD,3.6,6,17,24,20
917,2016,Honda,CR-V 2WD,2.4,4,26,33,29
918,2016,Honda,HR-V 2WD,1.8,4,28,35,31
919,2016,Honda,HR-V 2WD,1.8,4,28,35,31
920,2016,Honda,HR-V 2WD,1.8,4,25,34,28
921,2016,Honda,PILOT 2WD,3.5,6,19,27,22
922,2016,Honda,PILOT 2WD,3.5,6,20,27,23
923,2016,HYUNDAI MOTOR COMPANY,Santa Fe FWD,3.3,6,18,25,21
924,2016,HYUNDAI MOTOR COMPANY,Santa Fe Sport FWD,2,4,19,27,22
925,2016,HYUNDAI MOTOR COMPANY,Santa Fe Sport FWD,2.4,4,20,27,23
926,2016,HYUNDAI MOTOR COMPANY,Santa Fe Sport ULTIMATE FWD,2,4,19,26,22
927,2016,HYUNDAI MOTOR COMPANY,Santa Fe Ultimate FWD,3.3,6,17,23,20
928,2016,HYUNDAI MOTOR COMPANY,Tucson Eco FWD,1.6,4,26,33,29
929,2016,HYUNDAI MOTOR COMPANY,Tucson FWD,1.6,4,25,30,27
930,2016,HYUNDAI MOTOR COMPANY,Tucson FWD,2,4,23,31,26
931,2016,INFINITI,QX60 FWD,3.5,6,21,27,23
932,2016,INFINITI,QX70 RWD,3.7,6,17,24,19
933,2016,Jeep,Cherokee FWD,2.4,4,22,31,25
934,2016,Jeep,Cherokee FWD,2.4,4,22,31,25
935,2016,Jeep,Cherokee FWD,3.2,6,21,29,24
936,2016,Jeep,Compass FWD,2,4,22,26,24
937,2016,Jeep,Compass FWD,2,4,23,30,26
938,2016,Jeep,Compass FWD,2.4,4,21,28,23
939,2016,Jeep,Compass FWD,2.4,4,23,29,25
940,2016,Jeep,Patriot FWD,2,4,22,26,24
941,2016,Jeep,Patriot FWD,2,4,23,30,26
942,2016,Jeep,Patriot FWD,2.4,4,21,28,23
943,2016,Jeep,Patriot FWD,2.4,4,23,29,25
944,2016,Jeep,Renegade 4x2,1.4,4,24,31,27
945,2016,Jeep,Renegade 4x2,2.4,4,22,31,25
946,2016,KIA MOTORS CORPORATION,Sorento FWD,2,4,20,27,23
947,2016,KIA MOTORS CORPORATION,Sorento FWD,2.4,4,21,29,24
948,2016,KIA MOTORS CORPORATION,Sorento FWD,3.3,6,18,26,21
949,2016,KIA MOTORS CORPORATION,Sportage FWD,2.4,4,21,28,24
950,2016,KIA MOTORS CORPORATION,Sportage SX FWD,2,4,20,26,22
951,2016,LEXUS,NX 200t,2,4,22,28,25
952,2016,LEXUS,NX 300h,2.5,4,35,31,33
953,2016,LEXUS,RX 350,3.5,6,20,28,23
954,2016,LEXUS,RX 450h,3.5,6,31,30,30
955,2016,Lincoln,MKC  FWD,2,4,20,29,23
956,2016,Lincoln,MKX FWD,2.7,6,17,26,21
957,2016,Lincoln,MKX FWD,3.7,6,17,26,20
958,2016,MAZDA,CX-5 2WD,2,4,26,35,29
959,2016,MAZDA,CX-5 2WD,2.5,4,26,33,29
960,2016,Mercedes-Benz,GLC 300,2,4,22,28,24
961,2016,Mitsubishi Motors Corporation,OUTLANDER 2WD,2.4,4,25,31,27
962,2016,Mitsubishi Motors Corporation,OUTLANDER SPORT 2WD,2,4,24,31,27
963,2016,Mitsubishi Motors Corporation,OUTLANDER SPORT 2WD,2,4,23,29,25
964,2016,Mitsubishi Motors Corporation,OUTLANDER SPORT 2WD,2.4,4,23,28,25
965,2016,NISSAN,PATHFINDER 2WD,3.5,6,20,27,23
966,2016,NISSAN,ROGUE FWD,2.5,4,26,33,28
967,2016,TOYOTA,HIGHLANDER,2.7,4,20,25,22
968,2016,TOYOTA,HIGHLANDER,3.5,6,19,25,21
969,2016,TOYOTA,RAV4,2.5,4,23,30,26
970,2016,TOYOTA,RAV4 LE/XLE,2.5,4,24,31,26
971,2016,Volkswagen,Tiguan,2,4,21,26,23
972,2016,Volvo,XC60 FWD,2,4,23,31,26
973,2016,Volvo,XC60 FWD,2,4,22,29,24
974,2016,Volvo,XC70 FWD,2,4,23,31,26
975,2016,Acura,MDX 4WD,3.5,6,19,26,22
976,2016,Acura,MDX 4WD,3.5,6,18,26,21
977,2016,Acura,RDX 4WD,3.5,6,19,28,22
978,2016,Audi,Q5,2,4,20,28,23
979,2016,Audi,Q5,3,6,24,31,27
980,2016,Audi,Q5,3,6,18,26,21
981,2016,Audi,Q5 Hybrid,2,4,24,30,26
982,2016,Audi,SQ5,3,6,17,24,19
983,2016,BMW,X3 xDrive28d,2,4,27,34,30
984,2016,BMW,X3 xDrive28i,2,4,21,28,24
985,2016,BMW,X3 xDrive35i,3,6,19,27,22
986,2016,BMW,X4 M40i,3,6,18,25,21
987,2016,BMW,X4 xDrive28i,2,4,20,28,23
988,2016,BMW,X4 xDrive35i,3,6,19,27,22
989,2016,Buick,ENCORE AWD,1.4,4,26,32,29
990,2016,Buick,ENCORE AWD,1.4,4,23,30,26
991,2016,Buick,ENVISION AWD,2,4,20,26,22
992,2016,Chevrolet,EQUINOX AWD,2.4,4,20,29,23
993,2016,Chevrolet,EQUINOX AWD,2.4,4,20,29,23
994,2016,Chevrolet,EQUINOX AWD,3.6,6,16,23,18
995,2016,Chevrolet,TRAX AWD,1.4,4,24,31,27
996,2016,Dodge,Journey AWD,3.6,6,16,24,19
997,2016,FIAT,500X AWD,2.4,4,21,30,24
998,2016,Ford,EDGE AWD,2,4,20,28,23
999,2016,Ford,EDGE AWD,2.7,6,17,24,20
1000,2016,Ford,EDGE AWD,3.5,6,17,25,20
1001,2016,Ford,ESCAPE AWD,1.6,4,22,29,25
1002,2016,Ford,ESCAPE AWD,2,4,21,28,23
1003,2016,GMC,TERRAIN AWD,2.4,4,20,29,23
1004,2016,GMC,TERRAIN AWD,3.6,6,16,23,18
1005,2016,Honda,CR-V 4WD,2.4,4,25,31,27
1006,2016,Honda,HR-V 4WD,1.8,4,27,32,29
1007,2016,Honda,HR-V 4WD,1.8,4,27,32,29
1008,2016,Honda,PILOT 4WD,3.5,6,18,26,21
1009,2016,Honda,PILOT 4WD,3.5,6,19,26,22
1010,2016,HYUNDAI MOTOR COMPANY,Santa Fe AWD,3.3,6,18,24,20
1011,2016,HYUNDAI MOTOR COMPANY,Santa Fe Sport AWD,2,4,18,24,21
1012,2016,HYUNDAI MOTOR COMPANY,Santa Fe Sport AWD,2.4,4,19,25,21
1013,2016,HYUNDAI MOTOR COMPANY,Santa Fe Ultimate AWD,3.3,6,17,22,19
1014,2016,HYUNDAI MOTOR COMPANY,Tucson AWD,1.6,4,24,28,26
1015,2016,HYUNDAI MOTOR COMPANY,Tucson AWD,2,4,21,26,23
1016,2016,HYUNDAI MOTOR COMPANY,Tucson Eco AWD,1.6,4,25,31,27
1017,2016,INFINITI,QX60 AWD,3.5,6,19,26,22
1018,2016,INFINITI,QX70 AWD,3.7,6,16,22,18
1019,2016,Jeep,Cherokee 4X4,2.4,4,21,28,24
1020,2016,Jeep,Cherokee 4X4,2.4,4,21,28,24
1021,2016,Jeep,Cherokee 4X4,3.2,6,20,28,23
1022,2016,Jeep,Cherokee 4x4 Active Drive II,2.4,4,21,27,23
1023,2016,Jeep,Cherokee 4x4 Active Drive II,3.2,6,19,26,22
1024,2016,Jeep,Cherokee Trailhawk 4X4,2.4,4,19,25,22
1025,2016,Jeep,Cherokee Trailhawk 4X4,3.2,6,19,26,22
1026,2016,Jeep,Compass 4X4,2.4,4,20,26,22
1027,2016,Jeep,Compass 4X4,2.4,4,20,23,21
1028,2016,Jeep,Compass 4X4,2.4,4,22,27,24
1029,2016,Jeep,Patriot 4X4,2.4,4,20,26,22
1030,2016,Jeep,Patriot 4X4,2.4,4,20,23,21
1031,2016,Jeep,Patriot 4X4,2.4,4,22,27,24
1032,2016,Jeep,Renegade 4x4,1.4,4,24,31,27
1033,2016,Jeep,Renegade 4x4,2.4,4,21,29,24
1034,2016,Jeep,Wrangler 4X4,3.6,6,17,21,18
1035,2016,Jeep,Wrangler 4X4,3.6,6,17,21,18
1036,2016,Jeep,Wrangler Unlimited 4X4,3.6,6,16,20,18
1037,2016,Jeep,Wrangler Unlimited 4X4,3.6,6,16,21,18
1038,2016,KIA MOTORS CORPORATION,Sorento AWD,2,4,19,25,22
1039,2016,KIA MOTORS CORPORATION,Sorento AWD,2.4,4,21,26,23
1040,2016,KIA MOTORS CORPORATION,Sorento AWD,3.3,6,17,23,19
1041,2016,KIA MOTORS CORPORATION,Sorento AWD FE,3.3,6,18,26,21
1042,2016,KIA MOTORS CORPORATION,Sportage AWD,2.4,4,19,26,22
1043,2016,KIA MOTORS CORPORATION,Sportage SX AWD,2,4,19,25,21
1044,2016,Land Rover,Discovery Sport,2,4,20,26,22
1045,2016,Land Rover,Range Rover Evoque,2,4,21,30,24
1046,2016,LEXUS,NX 200t AWD,2,4,22,28,24
1047,2016,LEXUS,NX 200t AWD F SPORT,2,4,22,27,24
1048,2016,LEXUS,NX 300h AWD,2.5,4,33,30,32
1049,2016,LEXUS,RX 350 AWD,3.5,6,19,26,22
1050,2016,Lincoln,MKC  AWD,2,4,19,26,22
1051,2016,Lincoln,MKC  AWD,2.3,4,18,26,21
1052,2016,Lincoln,MKX AWD,2.7,6,17,24,19
1053,2016,Lincoln,MKX AWD,3.7,6,16,23,19
1054,2016,MAZDA,CX-5 4WD,2.5,4,24,30,26
1055,2016,Mercedes-Benz,GLA 250 4MATIC,2,4,24,32,27
1056,2016,Mercedes-Benz,GLA 250 4MATIC,2,4,24,32,27
1057,2016,Mercedes-Benz,GLC 300 4MATIC,2,4,21,28,24
1058,2016,Mitsubishi Motors Corporation,OUTLANDER 4WD,2.4,4,24,29,26
1059,2016,Mitsubishi Motors Corporation,OUTLANDER 4WD,3,6,20,27,23
1060,2016,Mitsubishi Motors Corporation,OUTLANDER SPORT 4WD,2,4,23,29,26
1061,2016,Mitsubishi Motors Corporation,OUTLANDER SPORT 4WD,2.4,4,22,27,24
1062,2016,NISSAN,PATHFINDER 4WD,3.5,6,19,26,22
1063,2016,NISSAN,PATHFINDER 4WD PLATINUM,3.5,6,19,26,21
1064,2016,NISSAN,ROGUE AWD,2.5,4,25,32,28
1065,2016,Porsche,Macan S,3,6,17,23,19
1066,2016,Porsche,Macan Turbo,3.6,6,17,23,19
1067,2016,Subaru,CROSSTREK,2,4,26,34,29
1068,2016,Subaru,CROSSTREK,2,4,23,31,26
1069,2016,Subaru,CROSSTREK HYBRID,2,4,30,34,31
1070,2016,Subaru,FORESTER,2,4,23,28,25
1071,2016,Subaru,FORESTER,2.5,4,24,32,27
1072,2016,Subaru,FORESTER,2.5,4,22,29,25
1073,2016,Subaru,OUTBACK,2.5,4,25,33,28
1074,2016,Subaru,OUTBACK,3.6,6,20,27,22
1075,2016,TOYOTA,RAV4 AWD,2.5,4,22,29,25
1076,2016,TOYOTA,RAV4 HYBRID AWD,2.5,4,34,31,33
1077,2016,TOYOTA,RAV4 Limited AWD/SE AWD,2.5,4,22,29,25
1078,2016,Volkswagen,Tiguan 4Motion,2,4,20,26,23
1079,2016,Volvo,XC60 AWD,2,4,19,27,22
1080,2016,Volvo,XC60 AWD,2.5,5,19,26,22
1081,2016,Volvo,XC60 AWD,3,6,17,23,20
1082,2016,Volvo,XC70 AWD,2.5,5,19,26,22
1083,2016,BMW,X5 sDrive35i,3,6,18,25,21
1084,2016,BMW,X6 sDrive35i,3,6,18,25,21
1085,2016,Buick,ENCLAVE FWD,3.6,6,15,22,18
1086,2016,Cadillac,ESCALADE 2WD,6.2,8,15,22,17
1087,2016,Cadillac,SRX,3.6,6,17,24,19
1088,2016,Chevrolet,C1500 SUBURBAN 2WD,5.3,8,16,23,18
1089,2016,Chevrolet,C1500 SUBURBAN 2WD,5.3,8,16,23,18
1090,2016,Chevrolet,C1500 TAHOE 2WD,5.3,8,16,23,18
1091,2016,Chevrolet,C1500 TAHOE 2WD,5.3,8,16,23,18
1092,2016,Chevrolet,TRAVERSE FWD,3.6,6,15,22,18
1093,2016,Dodge,Durango RWD,3.6,6,19,27,22
1094,2016,Dodge,Durango RWD,5.7,8,14,22,17
1095,2016,Ford,Expedition 2WD,3.5,6,16,22,18
1096,2016,Ford,Expedition EL 2WD,3.5,6,15,21,17
1097,2016,Ford,EXPLORER FFV 2WD,3.5,6,17,24,20
1098,2016,Ford,EXPLORER FWD,2.3,4,19,28,22
1099,2016,Ford,EXPLORER FWD,3.5,6,17,24,20
1100,2016,Ford,Flex FWD,3.5,6,16,23,19
1101,2016,GMC,ACADIA FWD,3.6,6,15,22,18
1102,2016,GMC,C1500 YUKON 2WD,5.3,8,16,23,18
1103,2016,GMC,C1500 YUKON 2WD,5.3,8,16,23,18
1104,2016,GMC,C1500 YUKON 2WD,6.2,8,15,22,17
1105,2016,GMC,C1500 YUKON XL 2WD,5.3,8,16,23,18
1106,2016,GMC,C1500 YUKON XL 2WD,5.3,8,16,23,18
1107,2016,GMC,C1500 YUKON XL 2WD,6.2,8,15,22,17
1108,2016,INFINITI,QX60 Hybrid FWD,2.5,4,26,28,26
1109,2016,INFINITI,QX80 2WD,5.6,8,14,20,16
1110,2016,Jeep,Grand Cherokee 4X2,3,6,22,30,25
1111,2016,Jeep,Grand Cherokee 4X2,3.6,6,19,26,22
1112,2016,Lincoln,MKT FWD,3.7,6,16,24,19
1113,2016,Lincoln,Navigator 2WD,3.5,6,16,22,18
1114,2016,Lincoln,Navigator L 2WD,3.5,6,15,20,17
1115,2016,Mercedes-Benz,GLE 350,3.5,6,18,24,20
1116,2016,TOYOTA,4RUNNER 2WD,4,6,17,22,19
1117,2016,TOYOTA,SEQUOIA 2WD,5.7,8,13,17,15
1118,2016,Volvo,XC90 FWD,2,4,22,26,24
1119,2016,BMW,X5 M,4.4,8,14,19,16
1120,2016,BMW,X5 xDrive 35d,3,6,23,30,26
1121,2016,BMW,X5 xDrive35i,3,6,18,24,20
1122,2016,BMW,X5 xDrive50i,4.4,8,15,21,17
1123,2016,BMW,X6 M,4.4,8,14,19,16
1124,2016,BMW,X6 xDrive35i,3,6,18,24,20
1125,2016,BMW,X6 xDrive50i,4.4,8,15,21,17
1126,2016,Buick,ENCLAVE AWD,3.6,6,15,22,17
1127,2016,Cadillac,ESCALADE 4WD,6.2,8,15,21,17
1128,2016,Cadillac,SRX AWD,3.6,6,16,23,18
1129,2016,Chevrolet,K1500 SUBURBAN 4WD,5.3,8,15,22,18
1130,2016,Chevrolet,K1500 SUBURBAN 4WD,5.3,8,15,22,18
1131,2016,Chevrolet,K1500 TAHOE 4WD,5.3,8,16,22,18
1132,2016,Chevrolet,K1500 TAHOE 4WD,5.3,8,16,22,18
1133,2016,Chevrolet,TRAVERSE AWD,3.6,6,15,22,17
1134,2016,Dodge,Durango AWD,3.6,6,18,25,21
1135,2016,Dodge,Durango AWD,5.7,8,14,22,17
1136,2016,Ford,Expedition 4WD,3.5,6,15,20,17
1137,2016,Ford,Expedition EL 4WD,3.5,6,14,20,16
1138,2016,Ford,EXPLORER AWD,2.3,4,18,26,21
1139,2016,Ford,EXPLORER AWD,3.5,6,16,22,18
1140,2016,Ford,EXPLORER AWD,3.5,6,16,23,19
1141,2016,Ford,EXPLORER FFV AWD,3.5,6,16,23,19
1142,2016,Ford,FLEX AWD,3.5,6,16,22,18
1143,2016,Ford,FLEX AWD,3.5,6,15,21,17
1144,2016,GMC,ACADIA AWD,3.6,6,15,22,17
1145,2016,GMC,K1500 YUKON 4WD,5.3,8,16,22,18
1146,2016,GMC,K1500 YUKON 4WD,5.3,8,16,22,18
1147,2016,GMC,K1500 YUKON 4WD,6.2,8,15,21,17
1148,2016,GMC,K1500 YUKON XL 4WD,5.3,8,15,22,18
1149,2016,GMC,K1500 YUKON XL 4WD,5.3,8,15,22,18
1150,2016,GMC,K1500 YUKON XL 4WD,6.2,8,14,20,16
1151,2016,INFINITI,QX60 Hybrid AWD,2.5,4,25,28,26
1152,2016,INFINITI,QX80 4WD,5.6,8,13,19,15
1153,2016,Jeep,Grand Cherokee 4X4,3,6,21,28,24
1154,2016,Jeep,Grand Cherokee 4X4,3.6,6,18,25,21
1155,2016,Jeep,Grand Cherokee 4X4,5.7,8,14,22,17
1156,2016,Jeep,Grand Cherokee SRT8 4x4,6.4,8,13,19,15
1157,2016,Land Rover,LR4,3,6,15,19,16
1158,2016,Land Rover,Range Rover,3,6,17,23,19
1159,2016,Land Rover,Range Rover,5,8,14,19,16
1160,2016,Land Rover,Range Rover LWB,3,6,17,23,19
1161,2016,Land Rover,Range Rover LWB,5,8,14,19,16
1162,2016,Land Rover,Range Rover Sport,3,6,17,23,19
1163,2016,Land Rover,Range Rover Sport,5,8,14,19,16
1164,2016,Land Rover,Range Rover Sport TDV6,3,6,22,29,25
1165,2016,Land Rover,Range Rover TDV6,3,6,22,29,25
1166,2016,LEXUS,GX 460,4.6,8,15,20,17
1167,2016,LEXUS,LX 570,5.7,8,13,18,15
1168,2016,LEXUS,RX 450h AWD,3.5,6,30,28,30
1169,2016,Lincoln,MKT AWD,3.5,6,15,21,17
1170,2016,Lincoln,Navigator 4WD,3.5,6,15,20,17
1171,2016,Lincoln,Navigator L 4WD,3.5,6,15,19,16
1172,2016,Mercedes-Benz,AMG G 63,5.5,8,12,14,13
1173,2016,Mercedes-Benz,AMG G65,6,12,11,13,12
1174,2016,Mercedes-Benz,AMG GL 63,5.5,8,13,17,14
1175,2016,Mercedes-Benz,AMG GLE 63,5.5,8,13,17,15
1176,2016,Mercedes-Benz,AMG GLE 63 S,5.5,8,13,17,15
1177,2016,Mercedes-Benz,AMG GLE 63 S (coupe),5.5,8,14,18,15
1178,2016,Mercedes-Benz,G 550,4,8,13,14,13
1179,2016,Mercedes-Benz,GL 350 BLUETEC 4MATIC,3,6,19,26,22
1180,2016,Mercedes-Benz,GL 450 4MATIC,3,6,17,21,19
1181,2016,Mercedes-Benz,GL 550 4MATIC,4.7,8,13,18,15
1182,2016,Mercedes-Benz,GLE 300 d 4MATIC,2.1,4,22,29,24
1183,2016,Mercedes-Benz,GLE 350 4MATIC,3.5,6,17,22,19
1184,2016,Mercedes-Benz,GLE 350 4MATIC,3.5,6,17,22,19
1185,2016,Mercedes-Benz,GLE 350 d 4MATIC,3,6,23,30,26
1186,2016,Mercedes-Benz,GLE 400 4MATIC,3,6,18,22,20
1187,2016,Mercedes-Benz,GLE 450 AMG (coupe),3,6,17,23,20
1188,2016,Porsche,Cayenne,3.6,6,19,24,21
1189,2016,Porsche,Cayenne Diesel,3,6,20,29,23
1190,2016,Porsche,Cayenne GTS,3.6,6,16,23,19
1191,2016,Porsche,Cayenne S,3.6,6,17,24,20
1192,2016,Porsche,Cayenne Turbo,4.8,8,14,21,17
1193,2016,Porsche,Cayenne Turbo S,4.8,8,14,21,17
1194,2016,TOYOTA,4RUNNER 4WD,4,6,17,21,18
1195,2016,TOYOTA,4RUNNER 4WD,4,6,17,21,18
1196,2016,TOYOTA,HIGHLANDER AWD,3.5,6,18,24,20
1197,2016,TOYOTA,HIGHLANDER HYBRID AWD,3.5,6,27,28,28
1198,2016,TOYOTA,HIGHLANDER HYBRID AWD LE Plus,3.5,6,28,28,28
1199,2016,TOYOTA,LAND CRUISER WAGON 4WD,5.7,8,13,18,15
1200,2016,TOYOTA,SEQUOIA 4WD,5.7,8,13,17,14
1201,2016,TOYOTA,SEQUOIA 4WD FFV,5.7,8,13,17,14
1202,2016,Volkswagen,Touareg,3,6,21,29,24
1203,2016,Volkswagen,Touareg,3.6,6,17,23,19
1204,2016,Volvo,XC90 AWD,2,4,20,25,22
1205,2016,Volvo,XC90 AWD,2,4,22,25,23
